{"Accucary:": 0.8723404255319149, "AUROC": 0.6714285714285715, "AUPRC": 0.14033396840517584, "senstivity": 0.0, "specificity": 0.9761904761904762, "_timestamp": 1719242408.0503266, "_runtime": 768.0826635360718, "_step": 0}